Number,Image,Name,Stage,Attribute,Evolutions,,,,,
1,,Kuramon,I,None,Pagumon,Tsumemon,,,,
2,,Choromon,I,None,Caprimon,,,,,
3,,Dodomon,I,None,Wanyamon,Dorimon,,,,
4,,Bubbmon,I,None,Mochimon,Pyocomon,Tanemon,,,
5,,Punimon,I,None,Tunomon,Nyaromon,,,,
6,,Botamon,I,None,Koromon,,,,,
7,,Poyomon,I,None,Pukamon,Tokomon,,,,
8,,Caprimon,II,None,Hagurumon,Kokuwamon,Toy Agumon,Solarmon,,
9,,Koromon,II,None,Agumon,Guilmon,Dracomon,Kotemon,Betamon,Shoutmon
10,,Tanemon,II,None,Funbeemon,Lalamon,Palmon,Mushmon,Floramon,
11,,Tunomon,II,None,Goburimon,V-Mon,Gabumon,Ryudamon,Elecmon,Zubamon
12,,Tsumemon,II,None,Dracumon,Shamamon,Keramon,,,
13,,Tokomon,II,None,Patamon,Coronamon,Terriermon,Armadimon,Lucemon,
14,,Dorimon,II,None,Dorumon,Monodramon,Snow Goburimon,Lopmon,,
15,,Nyaromon,II,None,Lunamon,Kudamon,Plotmon,Hackmon,,
16,,Pagumon,II,None,Impmon,Pico Devimon,Gazimon,Otamamon,,
17,,Pyocomon,II,None,Piyomon,Penmon,Falcomon,Hawkmon,Hyokomon,Muchomon
18,,Pukamon,II,None,Kamemon,Ganimon,Gomamon,Gizamon,Shakomon,
19,,Mochimon,II,None,Tyumon,Tentomon,Wormmon,Gottsumon,,
20,,Wanyamon,II,None,Gaomon,Bakumon,Bearmon,Renamon,,
21,,Agumon,III,Vaccine,Raptordramon,Geo Greymon,Numemon,Greymon,Coredramon (Green),Agumon -Yuki No Kizuna-
22,,Kudamon,III,Vaccine,Airdramon,Reppamon,Angemon,Ginryumon,Wolfmon,Sorcerimon
23,,Gomamon,III,Vaccine,Mojyamon,Ikkakumon,Yukidarumon,Hyougamon,Ice Devimon,
24,,Coronamon,III,Vaccine,Firamon,Meramon,Growmon,Bao Hackmon,Birdramon,Agnimon
25,,Zubamon,III,Vaccine,Musyamon,Buraimon,Tankmon,Zubaeagermon,Ankylomon,Guardromon (Gold)
26,,Solarmon,III,Vaccine,Starmon,Gold Numemon,Meramon,Guardromon (Gold),,
27,,Terriermon,III,Vaccine,Mojyamon,Lekismon,Gawappamon,Gargomon,Rapidmon Armor,
28,,Tentomon,III,Vaccine,Kabuterimon,Sunflowmon,Kuwagamon,Waspmon,Snimon,
29,,Toy Agumon,III,Vaccine,Blimpmon,Revolmon,Raremon,Tankmon,Gargomon,
30,,Bakumon,III,Vaccine,Meramon,Garurumon,Bakemon,Unimon,Kyubimon,
31,,Hyokomon,III,Vaccine,Peckmon,Birdramon,Dinohumon,Buraimon,,
32,,Piyomon,III,Vaccine,Aquilamon,Birdramon,Unimon,Wizarmon,,
33,,Falcomon,III,Vaccine,Peckmon,Ginryumon,Kiwimon,,,
34,,Plotmon,III,Vaccine,Tailmon,Sangloupmon,Dobermon,Ikkakumon,V-Dramon,Drimogemon
35,,Bearmon,III,Vaccine,Gryzmon,Gaogamon,Mojyamon,Leomon,,
36,,Penmon,III,Vaccine,Peckmon,Buraimon,Kiwimon,Aquilamon,,
37,,Monodramon,III,Vaccine,Strikedramon,Raptordramon,Deltamon,Chrysalimon,Cyclomon,
38,,Ryudamon,III,Vaccine,Reppamon,Coelamon,Ginryumon,Greymon,Monochromon,
39,,Lucemon,III,Vaccine,Lucemon: Falldown Mode,,,,,
40,,Elecmon,III,Data,Aegiomon,Seadramon,Unimon,Kuwagamon,Gekomon,
41,,Gaomon,III,Data,Strikedramon,Gaogamon,Leomon,Nanimon,Turuiemon,
42,,Ganimon,III,Data,Gawappamon,Octmon,Shellmon,Raremon,Snimon,Coelamon
43,,Gabumon,III,Data,Garurumon,Ikkakumon,Drimogemon,Kyubimon,Geremon,Gabumon -Yujo No Kizuna-
44,,Kamemon,III,Data,Gawappamon,Octmon,Shellmon,Karatuki Numemon,Dinohumon,Sorcerimon
45,,Kokuwamon,III,Data,Centalmon,Kuwagamon,Clockmon,Waspmon,Mechanorimon,
46,,Gottsumon,III,Data,Starmon,Guardromon,Golemon,Monochromon,Icemon,Tuchidarumon
47,,Kotemon,III,Data,Turuiemon,Musyamon,Revolmon,Dinohumon,Coredramon (Blue),
48,,Shoutmon,III,Data,Omega Shoutmon,Zubaeagermon,Gargomon,Guardromon (Gold),,
49,,Dracomon,III,Data,Coredramon (Green),Coredramon (Blue),Deltamon,V-Dramon,Seadramon,Tyranomon
50,,Dorumon,III,Data,Raptordramon,Airdramon,Sangloupmon,Xv-Mon,Drimogemon,Dorugamon
51,,Patamon,III,Data,Angemon,Pegasmon,Unimon,Centalmon,,
52,,Hackmon,III,Data,Tailmon,Geo Greymon,Growmon,Bao Hackmon,Greymon,
53,,Palmon,III,Data,Mojyamon,Vegimon,Togemon,Woodmon,Chrysalimon,Platinum Scumon
54,,Floramon,III,Data,Vegimon,Togemon,Woodmon,Sunflowmon,Kiwimon,
55,,Muchomon,III,Data,Airdramon,Peckmon,Birdramon,Fugamon,,
56,,Lalamon,III,Data,Sunflowmon,Togemon,Revolmon,Tuchidarumon,Turuiemon,
57,,Lunamon,III,Data,Lekismon,Garurumon,Yukidarumon,Hyougamon,Sorcerimon,Icemon
58,,Renamon,III,Data,Lekismon,Sunflowmon,Reppamon,Kyubimon,,
59,,Lopmon,III,Data,Gryzmon,Minotaurmon,Leomon,Turuiemon,Wendimon,Tuchidarumon
60,,Impmon,III,Virus,Bakemon,Wizarmon,Clockmon,Sangloupmon,Devimon,Witchmon
61,,Otamamon,III,Virus,Seadramon,Numemon,Gekomon,Karatuki Numemon,Platinum Scumon,
62,,Gazimon,III,Virus,Sangloupmon,Black Tailmon,Gaogamon,Bao Hackmon,Dobermon,Dorugamon
63,,Gizamon,III,Virus,Cyclomon,Flymon,Zubaeagermon,Ankylomon,Geremon,Ranamon
64,,Guilmon,III,Virus,Geo Greymon,Growmon,Xv-Mon,Tyranomon,,
65,,Goburimon,III,Virus,Golemon,Wendimon,Deltamon,Tuskmon,Orgemon,
66,,Shamamon,III,Virus,Minotaurmon,Musyamon,Fugamon,Witchmon,,
67,,Shakomon,III,Virus,Coelamon,Shellmon,Karatuki Numemon,Octmon,Raremon,
68,,Snow Goburimon,III,Virus,Tailmon,Monochromon,Yukidarumon,Hyougamon,Ice Devimon,Icemon
69,,Tyumon,III,Virus,Black Tailmon,Scumon,Tailmon,Gekomon,Geremon,Platinum Scumon
70,,Dracumon,III,Virus,Sangloupmon,Scumon,Wizarmon,Starmon,,
71,,Hagurumon,III,Virus,Clockmon,Mechanorimon,Tankmon,Guardromon,Blimpmon,
72,,Pico Devimon,III,Virus,Bakemon,Ice Devimon,Devimon,Orgemon,,
73,,Funbeemon,III,Virus,Waspmon,Flymon,Dokugumon,Stingmon,Gold Numemon,Kabuterimon
74,,Betamon,III,Virus,Seadramon,Coelamon,Devimon,Numemon,Vegimon,Tuskmon
75,,Mushmon,III,Virus,Scumon,Nanimon,Woodmon,Flymon,,
76,,Armadimon,III,Free,Digmon,Submarimon,Golemon,Ankylomon,,
77,,V-Mon,III,Free,Xv-Mon,V-Dramon,Lighdramon,Magnamon,Fladramon,
78,,Hawkmon,III,Free,Firamon,Holsmon,Shurimon,Aquilamon,,
79,,Wormmon,III,Free,Stingmon,Dokugumon,Snimon,,,
80,,Keramon,III,Unknown,Dokugumon,Wendimon,Octmon,Mechanorimon,Chrysalimon,
81,,Aegiomon,IV,Vaccine,Aegiochusmon,Aegiochusmon: Dark,Aegiochusmon: Holy,Aegiochusmon: Blue,Aegiochusmon: Green,
82,,Ikkakumon,IV,Vaccine,Whamon,Mega Seadramon,Zudomon,Skullseadramon,,
83,,Airdramon,IV,Vaccine,Hisyaryumon,Megadramon,Aero V-Dramon,Gigadramon,,
84,,Angemon,IV,Vaccine,Hippogriffomon,Holy Angemon,Sirenmon,Shakkoumon,,
85,,Kabuterimon,IV,Vaccine,Lilamon,Atlur Kabuterimon,Cannonbeemon,Chimairamon,,
86,,Gargomon,IV,Vaccine,Catch Mamemon,Mach Gaogamon,Rapidmon Perfect,,,
87,,Garurumon,IV,Vaccine,Were Garurumon,Blue Meramon,Taomon,Chimairamon,,
88,,Ginryumon,IV,Vaccine,Hisyaryumon,Skull Greymon,Butenmon,,,
89,,Gryzmon,IV,Vaccine,Were Garurumon,Grappu Leomon,Great Gryzmon,,,
90,,Greymon,IV,Vaccine,Metal Greymon,Megadramon,Skull Greymon,Chimairamon,,
91,,Coredramon (Blue),IV,Vaccine,Wingdramon,Aero V-Dramon,Gigadramon,,,
92,,Geo Greymon,IV,Vaccine,Rize Greymon,Metal Tyranomon,Cyberdramon,,,
93,,Strikedramon,IV,Vaccine,Cyberdramon,Savior Hackmon,Locomon,,,
94,,Snimon,IV,Vaccine,Okuwamon,Fantomon,Archnemon,Jewelbeemon,,
95,,Zubaeagermon,IV,Vaccine,Grademon,Megalo Growmon,Duramon,Knightmon,,
96,,Sorcerimon,IV,Vaccine,Holy Angemon,Piccolomon,Wisemon,,,
97,,Tailmon,IV,Vaccine,Nefertimon,Angewomon,Silphymon,,,
98,,Dobermon,IV,Vaccine,Matadrmon,Dark Super Starmon,Cerberumon,Mummymon,,
99,,Birdramon,IV,Vaccine,Flaremon,Garudamon,Death Meramon,Parrotmon,,
100,,Firamon,IV,Vaccine,Flaremon,Savior Hackmon,Mistymon,,,
101,,V-Dramon,IV,Vaccine,Wingdramon,Aero V-Dramon,Cyberdramon,,,
102,,Buraimon,IV,Vaccine,Butenmon,Duramon,Garudamon,,,
103,,Peckmon,IV,Vaccine,Tyilinmon,Vamdemon,Yatagaramon,,,
104,,Mojyamon,IV,Vaccine,Zudomon,Piccolomon,Mistymon,Mammon,,
105,,Yukidarumon,IV,Vaccine,Crescemon,Angewomon,Panjyamon,Insekimon,Mammon,
106,,Unimon,IV,Vaccine,Hippogriffomon,Holy Angemon,Tyilinmon,,,
107,,Raptordramon,IV,Vaccine,Grademon,Gigadramon,Tankdramon,,,
108,,Revolmon,IV,Vaccine,Pandamon,Super Starmon,Wisemon,,,
109,,Leomon,IV,Vaccine,Flaremon,Grappu Leomon,Panjyamon,Loader Leomon,,
110,,Reppamon,IV,Vaccine,Tyilinmon,Mega Seadramon,Angewomon,Doruguremon,,
111,,Icemon,IV,Data,Crescemon,Insekimon,Panjyamon,,,
112,,Wizarmon,IV,Data,Nanomon,Mistymon,Wisemon,,,
113,,Witchmon,IV,Data,Lady Devimon,Angewomon,Lilimon,,,
114,,Gaogamon,IV,Data,Mach Gaogamon,Savior Hackmon,Dark Super Starmon,,,
115,,Gawappamon,IV,Data,Shawujinmon,Hangyomon,Tonosama Gekomon,,,
116,,Kiwimon,IV,Data,Lilamon,Sirenmon,Delumon,Jyureimon,,
117,,Kyubimon,IV,Data,Blue Meramon,Cerberumon,Taomon,Enbarrmon,,
118,,Clockmon,IV,Data,Ex-Tyranomon,Andromon,Zudomon,Knightmon,,
119,,Centalmon,IV,Data,Andromon,Nanomon,Rapidmon Perfect,,,
120,,Sunflowmon,IV,Data,Lilamon,Lilimon,Delumon,Pumpmon,,
121,,Seadramon,IV,Data,Whamon,Mega Seadramon,Waru Seadramon,Hisyaryumon,Sharkmon,Skullseadramon
122,,Coelamon,IV,Data,Waru Seadramon,Metal Tyranomon,Anomalocarimon,Hangyomon,Skullseadramon,
123,,Shellmon,IV,Data,Whamon,Piccolomon,Anomalocarimon,,,
124,,Starmon,IV,Data,Volcamon,Super Starmon,Dark Super Starmon,Mamemon,,
125,,Tankmon,IV,Data,Big Mamemon,Locomon,Tankdramon,,,
126,,Tuchidarumon,IV,Data,Delumon,Gerbemon,Andiramon,,,
127,,Dinohumon,IV,Data,Shawujinmon,Grademon,Knightmon,,,
128,,Tyranomon,IV,Data,Ex-Tyranomon,Groundramon,Metal Greymon,Metal Tyranomon,,
129,,Turuiemon,IV,Data,Matadrmon,Mach Gaogamon,Andiramon,,,
130,,Togemon,IV,Data,Lilimon,Jyureimon,Pumpmon,,,
131,,Drimogemon,IV,Data,Triceramon,Loader Leomon,Brachiomon,,,
132,,Dorugamon,IV,Data,Rize Greymon,Doruguremon,Great Gryzmon,,,
133,,Bao Hackmon,IV,Data,Rize Greymon,Savior Hackmon,Loader Leomon,,,
134,,Blimpmon,IV,Data,Locomon,Metal Mamemon,Master Blimpmon,,,
135,,Meramon,IV,Data,Big Mamemon,Blue Meramon,Death Meramon,,,
136,,Monochromon,IV,Data,Triceramon,Cerberumon,Mammon,,,
137,,Lekismon,IV,Data,Crescemon,Were Garurumon,Grappu Leomon,,,
138,,Ice Devimon,IV,Virus,Crescemon,Lady Devimon,Panjyamon,Enbarrmon,,
139,,Wendimon,IV,Virus,Archnemon,Death Meramon,Andiramon,,,
140,,Woodmon,IV,Virus,Jyureimon,Taomon,Pumpmon,,,
141,,Orgemon,IV,Virus,Skull Satamon,Mummymon,Digitamamon,,,
142,,Octmon,IV,Virus,Dagomon,Digitamamon,Hangyomon,,,
143,,Guardromon,IV,Virus,Catch Mamemon,Locomon,Andromon,,,
144,,Karatuki Numemon,IV,Virus,Orochimon,Waru Seadramon,Black King Numemon,Pandamon,,
145,,Growmon,IV,Virus,Megalo Growmon,Groundramon,Doruguremon,,,
146,,Kuwagamon,IV,Virus,Jyureimon,Okuwamon,Anomalocarimon,Chimairamon,,
147,,Gekomon,IV,Virus,Sirenmon,Tonosama Gekomon,Hangyomon,,,
148,,Geremon,IV,Virus,Catch Mamemon,Super Starmon,Monzaemon,,,
149,,Coredramon (Green),IV,Virus,Megalo Growmon,Groundramon,Skull Greymon,,,
150,,Gold Numemon,IV,Virus,Waru Seadramon,Vademon,Black King Numemon,,,
151,,Golemon,IV,Virus,Volcamon,Mammon,Insekimon,,,
152,,Cyclomon,IV,Virus,Grademon,Cyberdramon,Brachiomon,,,
153,,Sangloupmon,IV,Virus,Matadrmon,Vamdemon,Astamon,,,
154,,Scumon,IV,Virus,Monzaemon,Etemon,Gerbemon,Mamemon,,
155,,Tuskmon,IV,Virus,Triceramon,Groundramon,Digitamamon,,,
156,,Devimon,IV,Virus,Vamdemon,Lady Devimon,Infermon,Skull Satamon,Astamon,
157,,Deltamon,IV,Virus,Orochimon,Chimairamon,Skull Baluchimon,Metal Greymon,Sharkmon,
158,,Dokugumon,IV,Virus,Archnemon,Mummymon,Atlur Kabuterimon,Infermon,,
159,,Nanimon,IV,Virus,Volcamon,Super Starmon,Etemon,Mamemon,,
160,,Numemon,IV,Virus,Monzaemon,Dark Super Starmon,Etemon,,,
161,,Bakemon,IV,Virus,Vamdemon,Blue Meramon,Fantomon,Enbarrmon,,
162,,Hyougamon,IV,Virus,Zudomon,Fantomon,Panjyamon,,,
163,,Fugamon,IV,Virus,Volcamon,Skull Satamon,Garudamon,,,
164,,Flymon,IV,Virus,Megadramon,Atlur Kabuterimon,Okuwamon,Jewelbeemon,,
165,,Platinum Scumon,IV,Virus,Vademon,Mamemon,Metal Mamemon,,,
166,,Black Tailmon,IV,Virus,Pandamon,Lady Devimon,Skull Baluchimon,,,
167,,Vegimon,IV,Virus,Tonosama Gekomon,Gerbemon,Vademon,,,
168,,Minotaurmon,IV,Virus,Triceramon,Etemon,Grappu Leomon,,,
169,,Musyamon,IV,Virus,Grademon,Butenmon,Hisyaryumon,,,
170,,Mechanorimon,IV,Virus,Big Mamemon,Megadramon,Nanomon,,,
171,,Raremon,IV,Virus,Dagomon,Black King Numemon,Tonosama Gekomon,Ex-Tyranomon,Skull Baluchimon,
172,,Waspmon,IV,Virus,Rapidmon Perfect,Cannonbeemon,Tankdramon,,,
173,,Aquilamon,IV,Free,Garudamon,Parrotmon,Silphymon,Yatagaramon,,
174,,Ankylomon,IV,Free,Shakkoumon,Insekimon,Brachiomon,,,
175,,Xv-Mon,IV,Free,Dinobeemon,Rize Greymon,Paildramon,,,
176,,Guardromon (Gold),IV,Free,Duramon,Cannonbeemon,Master Blimpmon,,,
177,,Stingmon,IV,Free,Okuwamon,Jewelbeemon,Dinobeemon,Paildramon,,
178,,Chrysalimon,IV,Unknown,Dagomon,Orochimon,Archnemon,Infermon,,
179,,Submarimon,Armor,Free,Plesiomon,,,,,
180,,Shurimon,Armor,Free,Sakuyamon,,,,,
181,,Digmon,Armor,Free,HerculesKabuterimon,,,,,
182,,Nefertimon,Armor,Free,Ophanimon,,,,,
183,,Fladramon,Armor,Free,Imperialdramon DM,,,,,
184,,Pegasmon,Armor,Free,Seraphimon,,,,,
185,,Holsmon,Armor,Free,Magnadramon,,,,,
186,,Lighdramon,Armor,Free,Imperialdramon FM,,,,,
187,,Agnimon,Human Hybrid,Variable,Aldamon,Vritramon,,,,
188,,Wolfmon,Human Hybrid,Variable,Beowolfmon,Garummon,,,,
189,,Ranamon,Human Hybrid,Variable,Calamaramon,,,,,
190,,Vritramon,Beast Hybrid,Variable,Aldamon,Agnimon,,,,
191,,Calamaramon,Beast Hybrid,Variable,Ranamon,,,,,
192,,Garummon,Beast Hybrid,Variable,Beowolfmon,Wolfmon,,,,
193,,Aegiochusmon,V,Vaccine,Jupitermon,,,,,
194,,Aegiochusmon: Green,V,Vaccine,Jupitermon,,,,,
195,,Aegiochusmon: Dark,V,Vaccine,Chronomon Destroy,,,,,
196,,Aegiochusmon: Blue,V,Vaccine,Jupitermon,,,,,
197,,Aegiochusmon: Holy,V,Vaccine,Jupitermon,,,,,
198,,Atlur Kabuterimon,V,Vaccine,Tyrant Kabuterimon,Herakle Kabuterimon,,,,
199,,Andromon,V,Vaccine,Hi Andromon,Boltmon,Craniummon,,,
200,,Wingdramon,V,Vaccine,Shine Greymon,Valdurmon,Slayerdramon,,,
201,,Aero V-Dramon,V,Vaccine,Goddramon,Slayerdramon,Ulforce V-Dramon,,,
202,,Ex-Tyranomon,V,Vaccine,Rust Tyranomon,Belphemon: Sleep Mode,Cherubimon (Virtue),,,
203,,Angewomon,V,Vaccine,Junomon,Ofanimon,Holydramon,Mastemon,,
204,,Garudamon,V,Vaccine,Griffomon,Hououmon,Jesmon,,,
205,,Grappu Leomon,V,Vaccine,Bancho Leomon,Marsmon,Saber Leomon,Duftmon,,
206,,Grademon,V,Vaccine,Alphamon,Durandamon,Dynasmon,,,
207,,Great Gryzmon,V,Vaccine,Callismon,Cherubimon (Vice),,,,
208,,Cerberumon,V,Vaccine,Plutomon,Cerberumon: Werewolf Mode,Saber Leomon,,,
209,,Cerberumon: Werewolf Mode,V,Vaccine,Plutomon,Cerberumon,Saber Leomon,,,
210,,Cyberdramon,V,Vaccine,Ulforce V-Dramon,Justimon,,,,
211,,Jewelbeemon,V,Vaccine,Herakle Kabuterimon,Tiger Vespamon,,,,
212,,Zudomon,V,Vaccine,Vikemon,Plesiomon,,,,
213,,Tyilinmon,V,Vaccine,Sleipmon,Crossmon,Valkyrimon,,,
214,,Duramon,V,Vaccine,War Greymon,Dukemon,Durandamon,,,
215,,Parrotmon,V,Vaccine,Crossmon,Hououmon,,,,
216,,Panjyamon,V,Vaccine,Mirage Gaogamon,Saber Leomon,,,,
217,,Hisyaryumon,V,Vaccine,Ouryumon,Gaioumon,,,,
218,,Butenmon,V,Vaccine,Chronomon,Chronomon Destroy,Griffomon,Gaioumon,,
219,,Flaremon,V,Vaccine,Apollomon,Seraphimon,,,,
220,,Whamon,V,Vaccine,Leviamon,Neptunemon,Plesiomon,Marin Angemon,,
221,,Holy Angemon,V,Vaccine,Goddramon,Seraphimon,Clavis Angemon,Slash Angemon,,
222,,Mammon,V,Vaccine,Vikemon,Skull Mammon,,,,
223,,Metal Greymon,V,Vaccine,War Greymon,Gaioumon,,,,
224,,Monzaemon,V,Vaccine,King Etemon,Callismon,,,,
225,,Yatagaramon,V,Vaccine,Valdurmon,Ravmon,Kuzuhamon,,,
226,,Rize Greymon,V,Vaccine,Sleipmon,Shine Greymon,Magna Kidmon,,,
227,,Rapidmon Perfect,V,Vaccine,Saint Galgomon,Hi Andromon,,,,
228,,Loader Leomon,V,Vaccine,Bancho Leomon,Metal Garurumon,Chaosdramon,,,
229,,Were Garurumon,V,Vaccine,Mercurymon,Metal Garurumon,,,,
230,,Anomalocarimon,V,Data,Vulcanusmon,Pukumon,,,,
231,,Enbarrmon,V,Data,Sleipmon,Skull Mammon,Enbarrmon Craniummon,,,
232,,Andiramon,V,Data,Dianamon,Cherubimon (Virtue),Cherubimon (Vice),,,
233,,Insekimon,V,Data,Metal Etemon,Boltmon,,,,
234,,Omega Shoutmon,V,Data,Pile Volcamon,Magna Kidmon,Durandamon,,,
235,,Chimairamon,V,Data,Grand Dracumon,Millenniumon,Mugendramon,,,
236,,Catch Mamemon,V,Data,Platinum Numemon,Prince Mamemon,,,,
237,,Crescemon,V,Data,Dianamon,Cherubimon (Virtue),Lord Knightmon,,,
238,,Super Starmon,V,Data,Goddramon,Prince Mamemon,Justimon,,,
239,,Skull Baluchimon,V,Data,Skull Mammon,Skull Baluchimon Titamon,,,,
240,,Savior Hackmon,V,Data,Gankoomon,Tiger Vespamon,Jesmon,,,
241,,Sirenmon,V,Data,Marin Angemon,Ceresmon,,,,
242,,Taomon,V,Data,Venusmon,Sakuyamon,Kuzuhamon,,,
243,,Digitamamon,V,Data,Bacchusmon,Titamon,,,,
244,,Death Meramon,V,Data,Beelzebumon,Boltmon,Avenge Kidmon,,,
245,,Delumon,V,Data,Valdurmon,Ceresmon,Platinum Numemon,,,
246,,Triceramon,V,Data,Breakdramon,Ultimate Brachiomon,,,,
247,,Doruguremon,V,Data,Dorugoramon,Alphamon,,,,
248,,Knightmon,V,Data,Zanbamon,Slash Angemon,Lord Knightmon,Duftmon,,
249,,Hangyomon,V,Data,Neptunemon,Plesiomon,,,,
250,,Pandamon,V,Data,Mercurymon,Mirage Gaogamon,Justimon,,,
251,,Pumpmon,V,Data,Rosemon,Lotusmon,,,,
252,,Big Mamemon,V,Data,Platinum Numemon,Prince Mamemon,Grand Locomon,,,
253,,Piccolomon,V,Data,Venusmon,Ofanimon,Clavis Angemon,,,
254,,Hippogriffomon,V,Data,Griffomon,Crossmon,Dynasmon,,,
255,,Brachiomon,V,Data,Ouryumon,Rust Tyranomon,Ultimate Brachiomon,,,
256,,Volcamon,V,Data,Bancho Leomon,Pile Volcamon,Gankoomon,Apollomon,,
257,,Master Blimpmon,V,Data,Grand Locomon,Gundramon,,,,
258,,Mach Gaogamon,V,Data,Mirage Gaogamon,Saint Galgomon,,,,
259,,Mamemon,V,Data,Pukumon,Prince Mamemon,,,,
260,,Mega Seadramon,V,Data,Jumbo Gamemon,Ouryumon,Metal Seadramon,,,
261,,Metal Mamemon,V,Data,Metal Garurumon,Magna Kidmon,,,,
262,,Lilamon,V,Data,Lilithmon,Rosemon,Pinochimon,,,
263,,Lilimon,V,Data,Rosemon,Ceresmon,,,,
264,,Locomon,V,Data,Grand Locomon,Hi Andromon,,,,
265,,Astamon,V,Virus,Beelzebumon,Plutomon,Belphemon: Sleep Mode,Venom Vamdemon,,
266,,Archnemon,V,Virus,Lilithmon,Tyrant Kabuterimon,Lotusmon,,,
267,,Vamdemon,V,Virus,Demon,Belial Vamdemon,Venom Vamdemon,,,
268,,Etemon,V,Virus,Pile Volcamon,King Etemon,Metal Etemon,,,
269,,Okuwamon,V,Virus,Tyrant Kabuterimon,Herakle Kabuterimon,Gran Kuwagamon,,,
270,,Orochimon,V,Virus,Bacchusmon,Gundramon,Minervamon,,,
271,,Gerbemon,V,Virus,Jumbo Gamemon,Metal Etemon,,,,
272,,Gigadramon,V,Virus,Gundramon,Chaosdramon,,,,
273,,Cannonbeemon,V,Virus,Saint Galgomon,Tiger Vespamon,,,,
274,,Groundramon,V,Virus,Megidramon,Breakdramon,,,,
275,,Sharkmon,V,Virus,Neptunemon,Metal Seadramon,,,,
276,,Shawujinmon,V,Virus,Barbamon,Jumbo Gamemon,Pinochimon,,,
277,,Jyureimon,V,Virus,Pinochimon,Rosemon,Gran Kuwagamon,,,
278,,Skull Greymon,V,Virus,Titamon,Skull Mammon,,,,
279,,Skull Satamon,V,Virus,Barbamon,Piemon,Ebemon,,,
280,,Skullseadramon,V,Virus,Leviamon,Metal Seadramon,,,,
281,,Dark Super Starmon,V,Virus,Beel Starmon,Titamon,Ravmon,,,
282,,Dagomon,V,Virus,Vulcanusmon,Ebemon,,,,
283,,Tankdramon,V,Virus,Gundramon,Darkdramon,,,,
284,,Tonosama Gekomon,V,Virus,King Etemon,Bacchusmon,Pukumon,,,
285,,Nanomon,V,Virus,Pharaohmon,Diablomon,,,,
286,,Fantomon,V,Virus,Sakuyamon,Piemon,Belphemon: Sleep Mode,Ravmon,,
287,,Black King Numemon,V,Virus,Platinum Numemon,Metal Etemon,,,,
288,,Blue Meramon,V,Virus,Marsmon,Pharaohmon,,,,
289,,Vademon,V,Virus,Ebemon,Avenge Kidmon,,,,
290,,Matadrmon,V,Virus,Grand Dracumon,Slash Angemon,Kuzuhamon,,,
291,,Mummymon,V,Virus,Pharaohmon,Hi Andromon,Avenge Kidmon,,,
292,,Mistymon,V,Virus,Chaos Dukemon,Zanbamon,Medieval Dukemon,Dynasmon,,
293,,Megadramon,V,Virus,Megidramon,Mugendramon,,,,
294,,Megalo Growmon,V,Virus,Megidramon,Dukemon,Chaos Dukemon,Chaosdramon,,
295,,Metal Tyranomon,V,Virus,Rust Tyranomon,Mugendramon,Ultimate Brachiomon,,,
296,,Lucemon: Falldown Mode,V,Virus,Lucemon: Satan Mode,,,,,
297,,Lady Devimon,V,Virus,Lilithmon,Beel Starmon,Mastemon,,,
298,,Wisemon,V,Virus,Demon,Chaos Dukemon,Ancient Wisemon,,,
299,,Waru Seadramon,V,Virus,Leviamon,Megidramon,Metal Seadramon,,,
300,,Shakkoumon,V,Free,Goddramon,Junomon,Vikemon,Holydramon,,
301,,Silphymon,V,Free,Beel Starmon,Minervamon,Valkyrimon,,,
302,,Dinobeemon,V,Free,Gran Kuwagamon,Tiger Vespamon,,,,
303,,Paildramon,V,Free,Dorugoramon,Imperialdramon: Dragon Mode,Darkdramon,,,
304,,Infermon,V,Unknown,Belial Vamdemon,Diablomon,Cherubimon (Vice),,,
305,,Aldamon,Fusion Hybrid,Variable,Kaiser Greymon,,,,,
306,,Beowolfmon,Fusion Hybrid,Variable,Magna Garurumon,,,,,
307,,Apollomon,VI,Vaccine,Grace Novamon,,,,,
308,,Alphamon,VI,Vaccine,Alphamon: Ouryuken,,,,,
309,,Ulforce V-Dramon,VI,Vaccine,Imperialdramon: Paladin Mode,,,,,
310,,Valdurmon,VI,Vaccine,Chaosmon: Valdur Arm,,,,,
311,,Venusmon,VI,Vaccine,Imperialdramon: Paladin Mode,,,,,
312,,War Greymon,VI,Vaccine,Omegamon,,,,,
313,,Ouryumon,VI,Vaccine,Alphamon: Ouryuken,,,,,
314,,Ofanimon,VI,Vaccine,Alphamon: Ouryuken,,,,,
315,,Clavis Angemon,VI,Vaccine,Chaosmon,,,,,
316,,Craniummon,VI,Vaccine,Enbarrmon Craniummon,,,,,
317,,Crossmon,VI,Vaccine,Grace Novamon,,,,,
318,,Chronomon,VI,Vaccine,Susanoomon,,,,,
319,,Cherubimon (Vice),VI,Vaccine,Alphamon: Ouryuken,,,,,
320,,Cherubimon (Virtue),VI,Vaccine,Alphamon: Ouryuken,,,,,
321,,Goddramon,VI,Vaccine,Imperialdramon: Paladin Mode,,,,,
322,,Shine Greymon,VI,Vaccine,Shine Greymon: Burst Mode,,,,,
323,,Justimon,VI,Vaccine,Alphamon: Ouryuken,,,,,
324,,Skull Mammon,VI,Vaccine,Skull Baluchimon Titamon,,,,,
325,,Slash Angemon,VI,Vaccine,Chaosmon,,,,,
326,,Sleipmon,VI,Vaccine,Grace Novamon,,,,,
327,,Slayerdramon,VI,Vaccine,Examon,,,,,
328,,Seraphimon,VI,Vaccine,Susanoomon,,,,,
329,,Saint Galgomon,VI,Vaccine,Imperialdramon: Paladin Mode,,,,,
330,,Durandamon,VI,Vaccine,Alphamon: Ouryuken,,,,,
331,,Neptunemon,VI,Vaccine,Chaosmon,,,,,
332,,Hi Andromon,VI,Vaccine,Shine Greymon: Burst Mode,,,,,
333,,Bancho Leomon,VI,Vaccine,Chaosmon: Valdur Arm,Chaosmon,,,,
334,,Herakle Kabuterimon,VI,Vaccine,Grace Novamon,,,,,
335,,Hououmon,VI,Vaccine,Susanoomon,,,,,
336,,Holydramon,VI,Vaccine,Imperialdramon: Paladin Mode,,,,,
337,,Mastemon,VI,Vaccine,Alphamon: Ouryuken,,,,,
338,,Marin Angemon,VI,Vaccine,Chaosmon,,,,,
339,,Marsmon,VI,Vaccine,Grace Novamon,,,,,
340,,Jupitermon,VI,Vaccine,Jupitermon: Wrath Mode,,,,,
341,,Ravmon,VI,Vaccine,Ravmon: Burst Mode,,,,,
342,,Ultimate Brachiomon,VI,Data,Susanoomon,,,,,
343,,Vulcanusmon,VI,Data,Imperialdramon: Paladin Mode,,,,,
344,,Gankoomon,VI,Data,Alphamon: Ouryuken,,,,,
345,,Kuzuhamon,VI,Data,Chaosmon,,,,,
346,,Grand Locomon,VI,Data,Grace Novamon,,,,,
347,,Griffomon,VI,Data,Susanoomon,,,,,
348,,Ceresmon,VI,Data,Ceresmon Medium,,,,,
349,,Ceresmon Medium,VI,Data,Ceresmon,,,,,
350,,Saber Leomon,VI,Data,Imperialdramon: Paladin Mode,,,,,
351,,Sakuyamon,VI,Data,Alphamon: Ouryuken,,,,,
352,,Jesmon,VI,Data,Chaosmon,,,,,
353,,Jumbo Gamemon,VI,Data,Grace Novamon,,,,,
354,,Dianamon,VI,Data,Grace Novamon,,,,,
355,,Dynasmon,VI,Data,Susanoomon,,,,,
356,,Duftmon,VI,Data,Duftmon: Leopard Mode,,,,,
357,,Duftmon: Leopard Mode,VI,Data,Duftmon,,,,,
358,,Dorugoramon,VI,Data,Imperialdramon: Paladin Mode,,,,,
359,,Pile Volcamon,VI,Data,Alphamon: Ouryuken,,,,,
360,,Prince Mamemon,VI,Data,Chaosmon,,,,,
361,,Plesiomon,VI,Data,Grace Novamon,,,,,
362,,Boltmon,VI,Data,Susanoomon,,,,,
363,,Mirage Gaogamon,VI,Data,Mirage Gaogamon: Burst Mode,,,,,
364,,Metal Garurumon,VI,Data,Omegamon,,,,,
365,,Metal Seadramon,VI,Data,Imperialdramon: Paladin Mode,,,,,
366,,Medieval Dukemon,VI,Data,Dukemon: Crimson Mode,,,,,
367,,Rosemon,VI,Data,Rosemon: Burst Mode,,,,,
368,,Lotusmon,VI,Data,Alphamon: Ouryuken,,,,,
369,,Avenge Kidmon,VI,Virus,Chaosmon,,,,,
370,,Ebemon,VI,Virus,Grace Novamon,,,,,
371,,Venom Vamdemon,VI,Virus,Susanoomon,,,,,
372,,Ancient Wisemon,VI,Virus,Imperialdramon: Paladin Mode,,,,,
373,,Gaioumon,VI,Virus,Alphamon: Ouryuken,,,,,
374,,Chaos Dukemon,VI,Virus,Chaosmon,,,,,
375,,Chaosdramon,VI,Virus,Chaosmon,,,,,
376,,Callismon,VI,Virus,Grace Novamon,,,,,
377,,Gundramon,VI,Virus,Susanoomon,,,,,
378,,King Etemon,VI,Virus,Imperialdramon: Paladin Mode,,,,,
379,,Grand Dracumon,VI,Virus,Alphamon: Ouryuken,,,,,
380,,Chronomon Destroy,VI,Virus,Chaosmon,,,,,
381,,Zanbamon,VI,Virus,Grace Novamon,,,,,
382,,Undead Plutomon,VI,Virus,Susanoomon,,,,,
383,,Darkdramon,VI,Virus,Chaosmon,,,,,
384,,Tiger Vespamon,VI,Virus,Imperialdramon: Paladin Mode,,,,,
385,,Titamon,VI,Virus,Skull Baluchimon Titamon,,,,,
386,,Tyrant Kabuterimon,VI,Virus,Alphamon: Ouryuken,,,,,
387,,Demon,VI,Virus,Chaosmon,,,,,
388,,Dukemon,VI,Virus,Dukemon: Crimson Mode,,,,,
389,,Bacchusmon,VI,Virus,Bacchusmon Drunk,,,,,
390,,Bacchusmon Drunk,VI,Virus,Bacchusmon,,,,,
391,,Barbamon,VI,Virus,Grace Novamon,,,,,
392,,Piemon,VI,Virus,Apocalymon,,,,,
393,,Pinochimon,VI,Virus,Susanoomon,,,,,
394,,Pharaohmon,VI,Virus,Imperialdramon: Paladin Mode,,,,,
395,,Pukumon,VI,Virus,Alphamon: Ouryuken,,,,,
396,,Platinum Numemon,VI,Virus,Chaosmon,,,,,
397,,Plutomon,VI,Virus,Undead Plutomon,,,,,
398,,Breakdramon,VI,Virus,Examon,,,,,
399,,Belial Vamdemon,VI,Virus,Grace Novamon,,,,,
400,,Beel Starmon,VI,Virus,Chaosmon: Valdur Arm,,,,,
401,,Beelzebumon,VI,Virus,Beelzebumon: Blast Mode,,,,,
402,,Belphemon: Sleep Mode,VI,Virus,Belphemon: Rage Mode,,,,,
403,,Magna Kidmon,VI,Virus,Susanoomon,,,,,
404,,Minervamon,VI,Virus,Mervamon,,,,,
405,,Millenniumon,VI,Virus,Imperialdramon: Paladin Mode,,,,,
406,,Mugendramon,VI,Virus,Millenniumon,,,,,
407,,Megidramon,VI,Virus,Alphamon: Ouryuken,,,,,
408,,Metal Etemon,VI,Virus,Chaosmon,,,,,
409,,Mercurymon,VI,Virus,Grace Novamon,,,,,
410,,Junomon,VI,Virus,Junomon: Hysteric Mode,,,,,
411,,Junomon: Hysteric Mode,VI,Virus,Junomon,,,,,
412,,Rust Tyranomon,VI,Virus,Susanoomon,,,,,
413,,Leviamon,VI,Virus,Imperialdramon: Paladin Mode,,,,,
414,,Lilithmon,VI,Virus,Alphamon: Ouryuken,,,,,
415,,Lord Knightmon,VI,Virus,Chaosmon,,,,,
416,,Imperialdramon: Dragon Mode,VI,Free,Imperialdramon: Fighter Mode,Imperialdramon: Paladin Mode,,,,
417,,Imperialdramon: Fighter Mode,VI,Free,Imperialdramon: Paladin Mode,Imperialdramon: Dragon Mode,,,,
418,,Vikemon,VI,Free,Grace Novamon,,,,,
419,,Valkyrimon,VI,Free,Susanoomon,,,,,
420,,Gran Kuwagamon,VI,Free,Imperialdramon: Paladin Mode,,,,,
421,,Diablomon,VI,Unknown,Armagemon,,,,,
422,,Rapidmon Armor,Golden Armor,Vaccine,MagnaAngemon,,,,,
423,,Magnamon,Golden Armor,Free,Seraphimon,,,,,
424,,Kaiser Greymon,Transcendent Hybrid,Variable,Susanoomon,,,,,
425,,Magna Garurumon,Transcendent Hybrid,Variable,Susanoomon,Magna Garurumon: Separation,,,,
426,,Magna Garurumon: Separation,Transcendent Hybrid,Variable,Magna Garurumon,,,,,
427,,Alphamon: Ouryuken,VI+,Vaccine,Alphamon: Ouryuken,,,,,
428,,Enbarrmon Craniummon,VI+,Vaccine,Enbarrmon Craniummon,,,,,
429,,Imperialdramon: Paladin Mode,VI+,Vaccine,Imperialdramon: Paladin Mode,,,,,
430,,Omegamon,VI+,Vaccine,Omegamon Zwart,,,,,
431,,Omegamon Zwart,VI+,Vaccine,Omegamon,,,,,
432,,Chaosmon,VI+,Vaccine,Chaosmon,,,,,
433,,Chaosmon: Valdur Arm,VI+,Vaccine,Chaosmon,,,,,
434,,Grace Novamon,VI+,Vaccine,Grace Novamon,,,,,
435,,Shine Greymon: Burst Mode,VI+,Vaccine,Imperialdramon: Paladin Mode,,,,,
436,,Susanoomon,VI+,Vaccine,Susanoomon,,,,,
437,,Jupitermon: Wrath Mode,VI+,Vaccine,Imperialdramon: Paladin Mode,,,,,
438,,Ravmon: Burst Mode,VI+,Vaccine,Imperialdramon: Paladin Mode,,,,,
439,,Examon,VI+,Data,Examon,,,,,
440,,Mirage Gaogamon: Burst Mode,VI+,Data,Imperialdramon: Paladin Mode,,,,,
441,,Rosemon: Burst Mode,VI+,Data,Imperialdramon: Paladin Mode,,,,,
442,,Skull Baluchimon Titamon,VI+,Virus,Skull Baluchimon Titamon,,,,,
443,,Dukemon: Crimson Mode,VI+,Virus,Imperialdramon: Paladin Mode,,,,,
444,,Beelzebumon: Blast Mode,VI+,Virus,Imperialdramon: Paladin Mode,,,,,
445,,Belphemon: Rage Mode,VI+,Virus,Imperialdramon: Paladin Mode,,,,,
446,,Mervamon,VI+,Virus,Mervamon,,,,,
447,,Lucemon: Satan Mode,VI+,Virus,Imperialdramon: Paladin Mode,,,,,
448,,Armagemon,VI+,Unknown,Chaosmon: Valdur Arm,,,,,
449,,Agumon -Yuki No Kizuna-,VI+,Unknown,Shine Greymon: Burst Mode,,,,,
450,,Apocalymon,VI+,Unknown,Alphamon: Ouryuken,,,,,
451,,Gabumon -Yujo No Kizuna-,VI+,Unknown,Alphamon: Ouryuken,,,,,
452,,Pabumon,I,Neutral,Yokomon,,,,
453,,Arcadiamon In-Tr.,II,Dark,V-Mon,,,,
454,,Tsunomon,II,Earth,V-Mon,,,,
455,,Yokomon,II,Plant,Hyokomon,,,,
456,,Bukamon,II,Water,V-Mon,,,,
457,,Motimon,II,Neutral,V-Mon,,,,
458,,Agumon (Blk),III,Fire,Greymon,,,,
459,,Arcadiamon Rookie,III,Dark,Coredramon (Blue),,,,
460,,Armadillomon,III,Earth,Coredramon (Blue),,,,
461,,Gabumon (Blk),III,Fire,Garurumon,,,,
462,,Gotsumon,III,Earth,Coredramon (Blue),,,,
463,,Goblimon,III,Earth,Coredramon (Blue),,,,
464,,Syakomon,III,Water,Coredramon (Blue),,,,
465,,Chuumon,III,Earth,Coredramon (Blue),,,,
466,,ToyAgumon,III,Neutral,Greymon,,,,
467,,Dracmon,III,Dark,Coredramon (Blue),,,,
468,,DemiDevimon,III,Dark,Coredramon (Blue),,,,
469,,Biyomon,III,Wind,Coredramon (Blue),,,,
470,,FanBeemon,III,Plant,Coredramon (Blue),,,,
471,,Veemon,III,Neutral,ExVeemon,,,,
472,,Salamon,III,Light,Coredramon (Blue),,,,
473,,Mushroomon,III,Plant,Coredramon (Blue),,,,
474,,IceDevimon,IV,Water,Myotismon,,,,
475,,Agunimon,IV,Fire,MetalGreymon (Blue),,,,
476,,Arcadiamon Champion,IV,Dark,Arcadiamon Ultimate,,,,
477,,Wizardmon,IV,Dark,MetalGreymon (Blue),,,,
478,,Lobomon,IV,Light,MetalGreymon (Blue),,,,
479,,ExVeemon,IV,Neutral,AeroVeedramon,,,,
480,,Ogremon,IV,Earth,MetalGreymon (Blue),,,,
481,,ShellNumemon,IV,Water,Black King Numemon,,,,
482,,Garurumon (Blk),IV,Fire,WereGarurumon,,,,
483,,Growlmon,IV,Fire,WarGrowlmon,,,,
484,,Kurisarimon,IV,Dark,MetalGreymon (Blue),,,,
485,,Greymon (Blue),IV,Fire,MetalGreymon,,,,
486,,GoldNumemon,IV,Light,Black King Numemon,,,,
487,,Cyclonemon,IV,Earth,MetalGreymon (Blue),,,,
488,,GeoGreymon,IV,Fire,MetalGreymon,,,,
489,,Sukamon,IV,Earth,MetalGreymon (Blue),,,,
490,,Socerimon,IV,Water,MetalGreymon (Blue),,,,
491,,MudFrigimon,IV,Earth,MetalGreymon (Blue),,,,
492,,Tyrannomon,IV,Fire,MetalGreymon (Blue),,,,
493,,Gatomon,IV,Light,Angewomon,,,,
494,,BaoHuckmon,IV,Fire,MetalGreymon (Blue),,,,
495,,Veedramon,IV,Wind,Aero V-Dramon,,,,
496,,Hudiemon,IV,Plant,MetalGreymon (Blue),,,,
497,,PlatinumSukamon,IV,Neutral,MetalGreymon (Blue),,,,
498,,BlackGatomon,IV,Dark,Angewomon,,,,
499,,Vegiemon,IV,Plant,Aero V-Dramon,,,,
500,,Frigimon,IV,Water,MetalGreymon (Blue),,,,
501,,MegaKabuterimon,V,Plant,Cherubimon (Vice),,,,
502,,Arcadiamon Ultimate,V,Dark,Cherubimon (Vice),,,,
503,,Antylamon,V,Neutral,Cherubimon (Vice),,,,
504,,Meteormon,V,Earth,Cherubimon (Vice),,,,
505,,Myotismon,V,Dark,Cherubimon (Vice),,,,
506,,BurningGreymon,V,Fire,WarGreymon,,,,
507,,AeroVeedramon,V,Wind,Ulforce V-Dramon,,,,
508,,KendoGarurumon,V,Light,MetalGarurumon,,,,
509,,CatchMamemon,V,Electric,Cherubimon (Vice),,,,
510,,GrapLeomon,V,Electric,Cherubimon (Vice),,,,
511,,Cherrymon,V,Plant,Cherubimon (Vice),,,,
512,,SuperStarmon,V,Light,Cherubimon (Vice),,,,
513,,SkullGreymon,V,Dark,WarGreymon,,,,
514,,SkullSatamon,V,Dark,Cherubimon (Vice),,,,
515,,SaviorHuckmon,V,Fire,Ulforce V-Dramon,,,,
516,,Dragomon,V,Water,Cherubimon (Vice),,,,
517,,Chirinmon,V,Light,Cherubimon (Vice),,,,
518,,SkullMeramon,V,Fire,Cherubimon (Vice),,,,
519,,ShogunGekomon,V,Water,Cherubimon (Vice),,,,
520,,DoruGreymon,V,Fire,WarGreymon,,,,
521,,Datamon,V,Electric,Cherubimon (Vice),,,,
522,,Pumpkinmon,V,Earth,Cherubimon (Vice),,,,
523,,Piximon,V,Light,Cherubimon (Vice),,,,
524,,HippoGryphonmon,V,Wind,Cherubimon (Vice),,,,
525,,Phantomon,V,Dark,Cherubimon (Vice),,,,
526,,BlackKingNumemon,V,Dark,Cherubimon (Vice),,,,
527,,BlueMeramon,V,Fire,Cherubimon (Vice),,,,
528,,MagnaAngemon,V,Light,Seraphimon,,,,
529,,Volcanomon,V,Fire,Ulforce V-Dramon,,,,
530,,Matadormon,V,Dark,Cherubimon (Vice),,,,
531,,MachGaogamon,V,Wind,Cherubimon (Vice),,,,
532,,MegaSeadramon,V,Water,Ulforce V-Dramon,,,,
533,,WarGrowlmon,V,Fire,War Greymon,,,,
534,,MetalGreymon,V,Fire,WarGreymon,,,,
535,,MetalGreymon (Blue),V,Fire,WarGreymon,,,,
536,,MetalTyrannomon,V,Electric,Cherubimon (Vice),,,,
537,,MetalMamemon,V,Electric,Cherubimon (Vice),,,,
538,,Crowmon,V,Wind,Cherubimon (Vice),,,,
539,,RizeGreymon,V,Fire,WarGreymon,,,,
540,,Rapidmon,V,Electric,Cherubimon (Vice),,,,
541,,Lillymon,V,Plant,Cherubimon (Vice),,,,
542,,Lucemon FM,V,Neutral,Cherubimon (Vice),,,,
543,,LadyDevimon,V,Dark,VenomMyotismon,,,,
544,,WereGarurumon,V,Earth,MetalGarurumon,,,,
545,,WereGarurumon (Blk),V,Earth,MetalGarurumon,,,,
546,,Arcadiamon Mega,VI,Dark,Omegamon,,,,
547,,UlforceVeedramon,VI,Wind,Chaosmon,,,,
548,,Imperialdramon DM,VI,Fire,Imperialdramon: Paladin Mode,,,,
549,,Imperialdramon FM,VI,Neutral,Imperialdramon: Paladin Mode,,,,
550,,Varodurumon,VI,Light,Grace Novamon,,,,
551,,VenomMyotismon,VI,Dark,Susanoomon,,,,
552,,WarGreymon,VI,Fire,Imperialdramon: Paladin Mode,,,,
553,,Ophanimon,VI,Light,Alphamon: Ouryuken,,,,
554,,Gaiomon,VI,Fire,Chaosmon,,,,
555,,KaiserGreymon,VI,Fire,Grace Novamon,,,,
556,,ChaosGallantmon,VI,Dark,Susanoomon,,,,
557,,KingEtemon,VI,Earth,Imperialdramon: Paladin Mode,,,,
558,,GranKuwagamon,VI,Plant,Alphamon: Ouryuken,,,,
559,,GranDracmon,VI,Dark,Chaosmon,,,,
560,,GroundLocomon,VI,Electric,Grace Novamon,,,,
561,,Gryphonmon,VI,Wind,Susanoomon,,,,
562,,Craniamon,VI,Earth,Imperialdramon: Paladin Mode,,,,
563,,Kerpymon (Blk),VI,Dark,Alphamon: Ouryuken,,,,
564,,Kerpymon (Good),VI,Light,Alphamon: Ouryuken,,,,
565,,Goldramon,VI,Light,Alphamon: Ouryuken,,,,
566,,SaberLeomon,VI,Wind,Chaosmon,,,,
567,,ShineGreymon,VI,Light,Shine Greymon: Burst Mode,,,,
568,,ShineGreymon BM,VI,Fire,Shine Greymon: Burst Mode,,,,
569,,Kentaurosmon,VI,Light,Grace Novamon,,,,
570,,MegaGargomon,VI,Electric,Susanoomon,,,,
571,,TigerVespamon,VI,Electric,Imperialdramon: Paladin Mode,,,,
572,,TyrantKabuterimon,VI,Plant,Alphamon: Ouryuken,,,,
573,,Diaboromon,VI,Dark,Chaosmon,,,,
574,,Creepymon,VI,Dark,Grace Novamon,,,,
575,,Gallantmon,VI,Light,Susanoomon,,,,
576,,Leopardmon,VI,Light,Imperialdramon: Paladin Mode,,,,
577,,Leopardmon LM,VI,Earth,Alphamon: Ouryuken,,,,
578,,HiAndromon,VI,Electric,Chaosmon,,,,
579,,PileVolcamon,VI,Fire,Grace Novamon,,,,
580,,BanchoLeomon,VI,Earth,Susanoomon,,,,
581,,Piedmon,VI,Dark,Imperialdramon: Paladin Mode,,,,
582,,Puppetmon,VI,Plant,Alphamon: Ouryuken,,,,
583,,PlatinumNumemon,VI,Neutral,Chaosmon,,,,
584,,BlackWarGreymon,VI,Fire,Grace Novamon,,,,
585,,PrinceMamemon,VI,Neutral,Susanoomon,,,,
586,,Brakedramon,VI,Earth,Imperialdramon: Paladin Mode,,,,
587,,HerculesKabuterimon,VI,Plant,Alphamon: Ouryuken,,,,
588,,Beelzemon,VI,Dark,Chaosmon,,,,
589,,Beelzemon BM,VI,Dark,Grace Novamon,,,,
590,,Belphemon SM,VI,Dark,Chaosmon,,,,
591,,Magnadramon,VI,Light,Susanoomon,,,,
592,,MagnaGarurumon,VI,Light,Imperialdramon: Paladin Mode,,,,
593,,MagnaGarurumon (SV),VI,Light,Alphamon: Ouryuken,,,,
594,,MarineAngemon,VI,Water,Alphamon: Ouryuken,,,,
595,,MirageGaogamon,VI,Wind,Mirage Gaogamon: Burst Mode,,,,
596,,MirageGaogamon BM,VI,Light,Mirage Gaogamon: Burst Mode,,,,
597,,Machinedramon,VI,Electric,Chaosmon,,,,
598,,MetalEtemon,VI,Earth,Grace Novamon,,,,
599,,MetalGarurumon,VI,Water,Susanoomon,,,,
600,,MetalGarurumon (Blk),VI,Electric,Alphamon: Ouryuken,,,,
601,,MetalSeadramon,VI,Water,Imperialdramon: Paladin Mode,,,,
602,,Merukimon,VI,Wind,Alphamon: Ouryuken,,,,
603,,RustTyranomon,VI,Electric,Chaosmon,,,,
604,,Ravemon,VI,Wind,Grace Novamon,,,,
605,,Ravemon BM,VI,Wind,Susanoomon,,,,
606,,Crusadermon,VI,Dark,Imperialdramon: Paladin Mode,,,,
607,,Rosemon BM,VI,Plant,Rosemon: Burst Mode,,,,
608,,Lotosmon,VI,Plant,Alphamon: Ouryuken,,,,
609,,Armageddemon,VI+,Dark,Chaosmon: Valdur Arm,,,,
610,,Arcadiamon Ultra,VI+,Dark,Chaosmon,,,,
611,,Alphamon Ouryuken,VI+,Neutral,Alphamon: Ouryuken,,,,
612,,Imperialdramon PM,VI+,Light,Imperialdramon: Paladin Mode,,,,
613,,Omnimon,VI+,Light,Grace Novamon,,,,
614,,Omnimon Zwart,VI+,Dark,Omegamon Zwart,,,,
615,,Chaosmon VA,VI+,Light,Chaosmon,,,,
616,,Susanomon,VI+,Light,Susanoomon,,,,
617,,Gallantmon CM,VI+,Light,Imperialdramon: Paladin Mode,,,,
618,,Belphemon RM,VI+,Dark,Enbarrmon Craniummon,,,,
619,,Lucemon SM,VI+,Dark,Chaosmon,,,,
620,,Flamedramon,V,Fire,Ulforce V-Dramon,,,,
621,,Rapidmon (Armor),V,Light,Apollomon,,,,
622,,OmniShoutmon,III,Fire,Coredramon (Blue),,,,
623,,Sistermon Blanc,III,Light,Coredramon (Blue),,,,
624,,Sistermon B (Awake.),III,Light,Aegiomon,,,,
625,,Sistermon Ciel,IV,Light,MetalGreymon (Blue),,,,
626,,Sistermon C (Awake.),IV,Light,Aegiochusmon,,,,
627,,Alphamon NX,VI,Neutral,Alphamon: Ouryuken,,,,
628,,Crusadermon NX,VI,Dark,Alphamon: Ouryuken,,,,
629,,Leopardmon NX,VI,Light,Chaosmon,,,,
630,,Omnimon NX,VI,Light,Grace Novamon,,,,
631,,Gallantmon NX,VI,Light,Susanoomon,,,,